title,url,accessnote
19th Century British Pamphlets,https://www.jstor.org/site/19th-century-british-pamphlets/,
A&AePortal,http://www.aaeportal.com,
ABC-CLIO eBook Collection,http://www.ebooks.abc-clio.com,
ABI/INFORM Complete,http://search.proquest.com/abicomplete?accountid=14270,
Academic OneFile,https://link.gale.com/apps/AONE?u=temple_main,
Academic Search Complete,"http://search.ebscohost.com/login.aspx?authtype=ip,uid&profile=ehost&defaultdb=a9h",
Academic Video Online,https://video.alexanderstreet.com/channel/academic-video-online,
Access World News,http://infoweb.newsbank.com/resources/?p=AWNB,
AccessEngineering,https://accessengineeringlibrary.com,
Accessible Archives,http://www.accessible.com,
AccessMedicine,http://www.accessmedicine.com,
AccessMedicine: Case Files Collection,https://CaseFiles.mhmedical.com,
AccessPharmacy,http://www.accesspharmacy.com/,
AccessPhysiotherapy,https://accessphysiotherapy.mhmedical.com,
AccessSurgery,http://www.accesssurgery.com/,
ACLS Humanities E-Book,https://www.fulcrum.org/heb,
ACM Digital Library,http://portal.acm.org/dl.cfm,
Acta Sanctorum,https://www.proquest.com/actasanctorum/history/fromDatabasesLayer?accountid=14270,
Ad Fontes Media Campus Pro,https://adfontesmedia.com/edu-subscriber-hub/campus-pro-portal-ip-address/,"Note: Access to Ad Fontes Campus Pro is available through 3/31/24."
Ad$ Summary,http://libproxy.temple.edu/loggedin/AdSummary2020.pdf,<a href=http://libproxy.temple.edu/loggedin/AdSummary2020.pdf>2020</a> | <a href=http://libproxy.temple.edu/loggedin/AdSummary2019.pdf>2019</a> | <a href=http://libproxy.temple.edu/loggedin/AdSummary2018.pdf>2018</a> | <a href=http://libproxy.temple.edu/loggedin/AdSummary2017.pdf>2017</a> | <a href=http://libproxy.temple.edu/loggedin/AdSummary2016.pdf>2016</a> | <a href=http://libproxy.temple.edu/loggedin/AdSummary2015.pdf>2015</a> | <a href=http://libproxy.temple.edu/loggedin/AdSummary2014.pdf>2014</a> | <a href=http://libproxy.temple.edu/loggedin/AdSummary2013.pdf>2013</a> | <a href=http://libproxy.temple.edu/loggedin/AdSummary2012.pdf>2012</a> | <a href=http://libproxy.temple.edu/loggedin/AdSummary2011.pdf>2011</a> | <a href=http://libproxy.temple.edu/loggedin/AdSummary2010.pdf>2010</a> | <a href=http://libproxy.temple.edu/loggedin/AdSummary2009.pdf>2009</a>
Advertising Redbooks [via Winmo],https://launch.winmo.com/login/university?key=kwsXaKGDFJOtSKbfBqFh&name=Temple%20University%20Libraries,
African American Communities,http://www.aac.amdigital.co.uk/,
African American Experience,http://africanamerican2.abc-clio.com,
African American Music Reference,http://aamr.alexanderstreet.com,
"African American Newspapers, 1827-1998",http://infoweb.newsbank.com/?db=EANX&d_collections=EANAAA,
African American Newspapers: The 19th Century,http://www.accessible.com/accessible/preLog,
African American Periodicals 1825-1995,http://infoweb.newsbank.com/?db=EAPX,
African Diaspora (1860-Present),https://search.alexanderstreet.com/afdi,
African Writers Series,https://search.proquest.com/litcollectioneawso/fromDatabasesLayer?accountid=14270,
African-American Poetry (1750-1900),https://search.proquest.com/aap?accountid=14270,
Age of Exploration,http://www.exploration.amdigital.co.uk/,
Agricola [via U.S Department of Agriculture],http://agricola.nal.usda.gov/,
Agricultural Science Collection,https://www.proquest.com/agriculture?accountid=14270,
AGRIS,http://agris.fao.org,
Alternative Press Index,http://search.ebscohost.com/login.aspx?profile=ehost&defaultdb=apn,
Alternative Press Index Archive,http://search.ebscohost.com/login.aspx?profile=ehost&defaultdb=alr,
AM Explorer,http://www.am-explorer.com/Collections,
AMA Manual of Style Online,https://academic.oup.com/amamanualofstyle,
Amateur Newspapers from the American Antiquarian Society,https://link.gale.com/apps/AAN?u=temple_main,
America: History & Life with Full Text,http://search.ebscohost.com/login.aspx?profile=ehost&defaultdb=31h,
America's Historical Imprints,http://infoweb.newsbank.com/?db=EAIX,
America's Historical Newspapers,http://infoweb.newsbank.com/?db=EANX,
American Antiquarian Society Historical Periodicals Collection (1684-1912) [via EBSCOhost],"http://search.ebscohost.com/login.aspx?authtype=ip,uid&direct=true&custid=s8483726&profile=ehost&db=h9h&db=h9i&db=h9j&db=h9k&db=h9m&kgroupid=main",
American Antiquarian Society Historical Periodicals Collection (1684-1912) [via Gale],https://link.gale.com/apps/AAHP?u=temple_main,
American Bibliography of Slavic & East European Studies,http://search.ebscohost.com/login.aspx?profile=ehost&defaultdb=sbh,
"American Broadsides and Ephemera, Series I (1760-1900)",http://infoweb.newsbank.com/?db=ABEA,
American Chemical Society (ACS) Journals,http://pubs.acs.org/about.html,
American Chemical Society (ACS) Students and Educators,https://www.acs.org/content/acs/en/education.html,
American Civil War Letters and Diaries,https://search.alexanderstreet.com/cwld,
American Drama (1714-1915),https://search.proquest.com/ad?accountid=14270,
American Fiction (1774-1920),https://link.gale.com/apps/AMFN?u=temple_main,
American Firms Operating in Foreign Countries,https://uniworldonline.com/search,
American History (1493-1945),http://www.americanhistory.amdigital.co.uk/,
American Indian Histories and Cultures,http://www.aihc.amdigital.co.uk/,
American Indian Newspapers,http://www.americanindiannewspapers.amdigital.co.uk/,
American National Biography,http://www.anb.org,"Concurrent user limit: 1"
American Periodicals Series Online,http://search.proquest.com/americanperiodicals?accountid=14270,
American Physical Society Journals,http://publish.aps.org,
American Poetry (1600-1900),https://search.proquest.com/ap?accountid=14270,
American Prison Newspapers (1800-2020),https://www.jstor.org/site/reveal-digital/american-prison-newspapers/,
American West,http://www.americanwest.amdigital.co.uk/,
Anatomy.TV,https://www.anatomy.tv,
Annual Bibliography of English Language and Literature [via Literature Online],https://search.proquest.com/abell?accountid=14270,
Annual Register: A Record of World Events,https://www.proquest.com/annualregister/history/fromDatabasesLayer?accountid=14270,
Annual Reviews Online,https://www.annualreviews.org/action/showPublications,
Anthropological Fieldwork Online,https://search.alexanderstreet.com/antf,
Anthropology Online,https://search.alexanderstreet.com/anto,
Anthropology Plus [via EbscoHost],http://search.ebscohost.com/login.aspx?profile=ehost&defaultdb=ant,"Concurrent user limit: 5"
AnthroSource,http://anthrosource.onlinelibrary.wiley.com/,
AORN eGuidelines+,https://www.aornguidelines.org/,
AP Images [via EBSCOhost],"http://search.ebscohost.com/login.aspx?authtype=ip,uid&profile=ehost&defaultdb=apg","Concurrent user limit: 5"
AP Newsroom,http://search.ebscohost.com/login.aspx?profile=apnr,
AP Stylebook Online,http://www.apstylebook.com/temple_edu/,"Concurrent user limit: 10"
APA PsycArticles,http://search.ebscohost.com/login.aspx?profile=ehost&defaultdb=pdh,
APA PsycInfo,http://search.ebscohost.com/login.aspx?profile=ehost&defaultdb=psyh,
Apartheid South Africa (1948-1980),http://www.archivesdirect.amdigital.co.uk/Apartheid,
Applied Social Sciences Index & Abstracts,http://search.proquest.com/assia?accountid=14270,
Archive Explorer (Adam Matthew Digital Collections),http://www.archiveexplorer.amdigital.co.uk/Default.aspx,
Archive of Americana,http://infoweb.newsbank.com/?db=AOFA,
ArchiveGrid,https://beta.worldcat.org/archivegrid/,
Archives of Sexuality and Gender,https://link.gale.com/apps/AHSI?u=temple_main,
Archives Unbound,https://link.gale.com/apps/GDSC?u=temple_main,
Art & Architecture Archive? (1895-2015),https://www.proquest.com/artarchitectureshell/fromDatabasesLayer?accountid=14270,
Art & Architecture Source (formerly Art Source),http://search.ebscohost.com/login.aspx?profile=ehost&defaultdb=asu,
Art & Architecture Thesaurus,http://www.getty.edu/research/tools/vocabularies/aat/index.html,
Art History Research net (AHRnet),http://www.arthistoryresearch.net/database/index.php,
Art Index Retrospective: 1929-1984 [via EbscoHost],"http://search.ebscohost.com/login.aspx?profile=ehost&defaultdb=aft,air",
Art Project (Google),http://www.googleartproject.com,
Art Song Transpositions,https://artsongtranspositions.com,"Note: Please click 'Subscriber/Trial Login' to get access."
ARTBibliographies Modern,http://search.proquest.com/artbibliographies?accountid=14270,
Artforum Archive? (1962-2020),https://www.proquest.com/artforum/fromDatabasesLayer?accountid=14270,
ArticleFirst,http://newfirstsearch.oclc.org/done=referer;fsip;dbname=ArticleFirst,
Arts & Humanities Citation Index,https://www.webofscience.com/wos/woscc/search-with-editions?editions=WOS.AHCI,
ARTstor,https://library.artstor.org,"Note: You will need to create and login with an ARTstor account in order to download or save images.  "
arXiv.org,http://arxiv.org/,
ASCE Research Library,http://www.ascelibrary.org,
ASFA 3: Aquatic Pollution and Environmental Quality,http://search.proquest.com/asfaaquaticpollution?accountid=14270,
Asia-Studies Online: Humanities,http://www.asia-studies.com/2index.html,
Asia-Studies Online: Social Sciences,http://www.asia-studies.com,
Asian American Drama,https://search.alexanderstreet.com/aadr,
AskART.com,http://www.askart.com/,
ASM Alloy Center Online,https://matdata.asminternational.org/ac/index.aspx?profileKey=AllDatabases-2a5cbf09-9dbe-429e-8c8c-3768c0077ad4,
ASM Alloy Phase Diagrams Center,https://matdata.asminternational.org/apd/index.aspx,"Concurrent user limit: 2"
ASM Handbooks Online,https://dl.asminternational.org/books,
ASME Digital Collection,http://asmedigitalcollection.asme.org,
Associated Press Collections Online,https://link.gale.com/apps/APOA?u=temple_main,
ASTM Digital Library [via ASTM Compass],http://libproxy.temple.edu/login?url=https://secure.astm.org/login?redirectUrl=aHR0cHM6Ly9jb21wYXNzLmFzdG0ub3Jn&newApproach=true,
Astrophysics Data System (ADS),https://ui.adsabs.harvard.edu/,
ATLA Religion Database with ATLASerials,http://search.ebscohost.com/login.aspx?profile=ehost&defaultdb=rfh,
Audio Drama: The L.A. Theatre Works Collection,https://search.alexanderstreet.com/radr,
AUL Index to Military Periodicals,https://fairchild-mil.libguides.com/AULIMP,
Avery Index to Architectural Periodicals,http://search.proquest.com/avery?accountid=14270,
BabelScores,https://www.babelscores.com/welcome-dear-subs,
Bacteriology Abstracts,http://search.proquest.com/microbiologyb?accountid=14270,
BAS Library (Biblical Archaeology Society Archive),https://www.baslibrary.org,
Bates' Visual Guide to Physical Examination,http://batesvisualguide.com,
BBC Shakespeare (via Ambrose Video),https://www.ambrosevideo.com/institutional-access,
Behavioral and Mental Health Online,https://search.alexanderstreet.com/bmho,
Best's Library Center,http://bestlink.ambest.com/bestlinklibraries/ProxyRedirect.aspx,
Bibliografia Mesoamericana,http://research.famsi.org/mesobib.html,
Bibliography of American Literature,http://collections.chadwyck.com/home/home_bal.jsp,
Bibliography of Asian Studies,"http://search.ebscohost.com/login.aspx?authtype=ip,uid&profile=ehost&defaultdb=bas",
Bibliography of the History of Art,https://primo.getty.edu/primo-explore/search?vid=BHA&sortby=rank&lang=en_US,
Biography and Genealogy Master Index,https://go.gale.com/ps/aboutSeries.do?userGroupName=temple_main&inPS=true&prodId=GDL&seriesId=6BJC,"Concurrent user limit: 4"
Biological Abstracts,https://www.webofscience.com/wos/bioabs/basic-search,
BioMed Central,http://www.biomedcentral.com/,
BIOSIS Citation Index (1994-present),https://www.webofscience.com/wos/bci/basic-search,
Biotechnology Research Abstracts,http://search.proquest.com/biotechresearch?accountid=14270,
Black Abolitionist Papers,https://www.proquest.com/bap?accountid=14270,
Black Drama,https://search.alexanderstreet.com/bldr,
Black Drama: Second Edition,https://search.alexanderstreet.com/bld2,
Black Drama: Third Edition,https://search.alexanderstreet.com/bld3,
Black Historical Newspapers,http://search.proquest.com/cv_734626?accountid=14270,
Black Literature Index,http://www.blackliteratureindex.com,
Black Short Fiction and Folklore,https://search.proquest.com/litcollectionblfi?accountid=14270,
Black Studies Center (BSC),https://www.proquest.com/bsc?accountid=14270,
Black Thought and Culture,http://bltc.alexanderstreet.com,
Black Women Writers,http://blww.alexanderstreet.com,
Bloomberg Law (formerly BNA Online),https://www.bloomberglaw.com/start,"Note: Only Law School affiliates with individual logins have access BNA content on Bloomberg Law. "
Bloomsbury Fashion Central,https://www.bloomsburyfashioncentral.com/,
BMJ Case Reports,https://casereports.bmj.com/,"Note: Temple University has created an institutional membership with BMJ Case Reports so that our researchers can submit new cases to the journal free of charge.  For more information and to request Temple's Fellowship Code please email hscref@temple.edu."
BoardVitals,https://www.boardvitals.com/users/sign_in,"Users must first <a href=""https://www.boardvitals.com/users/sign_up"">register</a> for a Board Vitals account using their @temple.edu email account."
Border and Migration Studies Online,https://search.alexanderstreet.com/bord,
Brazilian and Portuguese History and Culture,https://link.gale.com/apps/BPHC?u=temple_main,
British and Irish Women's Letters and Diaries,https://search.alexanderstreet.com/bwl2,
British Library Newspapers (1732-1950),https://link.gale.com/apps/BNCN?u=temple_main,
British Literary Manuscripts Online: 1120 -1900,https://link.gale.com/apps/BLM?u=temple_main,
British Literary Manuscripts Online: Medieval and Renaissance,http://infotrac.galegroup.com/itweb/temple_main?db=BLM,
British Periodicals Online,http://search.proquest.com/britishperiodicals?accountid=14270,
BroadwayHD,https://video.alexanderstreet.com/channel/broadwayhd-collection,
BrowZine for iPad,http://itunes.apple.com/us/app/browzine-open-access-edition/id463787411?mt=8,"<a href=""https://play.google.com/store/apps/details?id=com.browzine&hl=en"">BrowZine for Android</a>"
BrowZine Web,http://www.browzine.com/libraries/130/,
BuildingGreen,http://www.buildinggreen.com,
"Burger's Medicinal Chemistry, Drug Discovery and Development",http://onlinelibrary.wiley.com/book/10.1002/0471266949/topics,
Burlington Magazine Online Index,http://index.burlington.org.uk,
Business Expert Press,https://a.cloud.igpublish.com/iglibrary/search/main,
Business Insights: Global,https://link.gale.com/apps/BIG?u=temple_main,
Business Plan Handbooks [via Gale Virtual Reference Library],https://go.gale.com/ps/i.do?p=GVRL&sw=w&u=temple_main&v=2.1&it=aboutSeries&id=0PHU&sid=bookmark-GVRL,
Business Source Complete,"http://search.ebscohost.com/login.aspx?authtype=ip,uid&profile=ehost&defaultdb=bth",
C-SPAN Video Library,https://www.c-span.org/quickguide/,
C19: The Nineteenth Century Index,https://www.proquest.com/c19index?accountid=14270,
Cambridge Companions [via Cambridge Collections Online],http://universitypublishingonline.org/cambridge/companions,
Cambridge Histories Online,http://universitypublishingonline.org/cambridge/histories,
Cambridge History of Latin America,https://www.cambridge.org/core/series/cambridge-history-of-latin-america/91F3260941408B240FD337BD8C94C28C,
Cambridge Journals Online,https://www.cambridge.org/core/what-we-publish/journals,
Cambridge Structural Database (WebCSD),http://webcsd.ccdc.cam.ac.uk,
Campbell Collaboration Library of Systematic Reviews,https://campbellcollaboration.org/,
Canadian Poetry,https://search.proquest.com/cp?accountid=14270,
CardioSource Plus for Institutions,http://gateway.ovid.com/ovidweb.cgi?T=JS&MODE=ovid&PAGE=dblist&NEWS=Y&LOGOUT=http://library.temple.edu,"Note: ACC Cardiosource subscription must be accessed through a link on the OVID databases platform. Go to Links --> ACC Cardiosource Plus, then log in with your ACC user account. "
Career & Technical Education Database,https://www.proquest.com/career/fromDatabasesLayer?accountid=14270,
"Caribbean Newspapers, 1718-1876",http://infoweb.newsbank.com/?db=EANX&d_collections=EANACN,
Catalog of the State Library of Pennsylvania,http://pilot.passhe.edu:8020/,
CB Insights,https://app.cbinsights.com/login?university=temple,Note: Users will need to create a CBInsights account to use this resource. 
ccAdvisor,http://www.ccadvisor.org/home,
Center for International Earth Science Information Network (CIESIN),http://www.ciesin.columbia.edu/,
Center for Research Libraries Catalog,http://catalog.crl.edu,
Chatham House Online Archive,https://link.gale.com/apps/CHOA?u=temple_main,
Checkpoint,https://checkpoint.riag.com/login?iploc=TEMPLEUNIVLAW,"Concurrent user limit: 35"
Chemical Abstracts,http://libproxy.temple.edu/loggedin/scifinder.htm,"Concurrent user limit: 4"
CHEMnetBASE,http://www.chemnetbase.com/,"Concurrent user limit: 2 users on the platform"
ChemSpider,http://www.chemspider.com,
Chicago Manual of Style Online,http://www.chicagomanualofstyle.org,
Child Care & Early Education Research Connections,http://childcareresearch.org/,
China and the Modern World,https://link.gale.com/apps/CFER?u=temple_main,
"China, America and the Pacific",http://www.cap.amdigital.co.uk/,
China: Culture and Society,http://www.chinacultureandsociety.amdigital.co.uk/,
"China: Trade, Politics and Culture, 1793-1980",http://www.china.amdigital.co.uk/,
ChinaLawInfo,https://www.pkulaw.com/english,
Choice Reviews Online,http://www.choicereviews.org,
Chronicle of Higher Education,https://www.chronicle.com/,
Chronicling America: Historic American Newspapers,http://chroniclingamerica.loc.gov/,
Church Missionary Society Periodicals,http://www.churchmissionarysociety.amdigital.co.uk/,
Ciencias Sociales y Humanidades de America Latina,https://indices.csic.es/en-x-simple,
CINAHL [via EBSCOhost],http://search.ebscohost.com/login.aspx?profile=ehost&defaultdb=cin20,
CiteSeer,http://citeseer.ist.psu.edu/,
Civil Engineering Database (ASCE Publications),http://cedb.asce.org,
Civil War: Antebellum Period to Reconstruction,http://infoweb.newsbank.com/?db=CIVILWAR,
Clase and Periodica,https://biblat.unam.mx/en/clase-y-periodica,"<a href=""https://periodica.dgb.unam.mx"">Periodica database</a> / <a href=""https://clase.dgb.unam.mx"">Clase database</a>"
Classical Music in Video,https://search.alexanderstreet.com/clmv,
Classical Music Library,https://search.alexanderstreet.com/clmu,
Classical Scores Library,https://search.alexanderstreet.com/shmu,
Climate Change and Law Collection,http://primarysources.brillonline.com/browse/climate-change-and-law-collection,
ClinicalTrials.gov,https://clinicaltrials.gov/,
Cochrane Library,http://www.cochranelibrary.com,
Cold Spring Harbor Protocols,http://www.cshprotocols.org,
Colonial America,http://www.colonialamerica.amdigital.co.uk/,
Colonial Legacies: Empire and Commonwealth Periodicals,https://www.proquest.com/empire?accountid=14270,
Colonial State Papers? (1574-1757),https://www.proquest.com/csp/history/fromDatabasesLayer?accountid=14270,
Columbia International Affairs Online,http://www.ciaonet.org/,
ComAbstracts,https://www.cios.org/www/abstract.htm,
ComDisDome,http://search.proquest.com/comdisdome?accountid=14270,
Communication & Mass Media Complete,http://search.ebscohost.com/login.aspx?profile=ehost&defaultdb=ufh,
Communication Abstracts,http://search.ebscohost.com/login.aspx?profile=ehost&defaultdb=cax,
Community Health Database (CHDB) Data Portal,http://libproxy.temple.edu/loggedin/phmcdata.htm,
Community Health Database (CHDB) Tool,http://libproxy.temple.edu/loggedin/chdbdatatool.htm,
Compendex,https://www.engineeringvillage.com,
Comprehensive Natural Products II: Chemistry & Biology,http://www.sciencedirect.com/science/referenceworks/9780080453828,
Computer Access to Research on Dietary Supplements (CARDS),https://ods.od.nih.gov/Research/CARDS_Database.aspx,
Computer Physics Communications Program Library,http://www.cpc.cs.qub.ac.uk/,
Computing Reviews,http://www.computingreviews.com/,
Conditions and Politics in Occupied Western Europe 1940-1945,https://link.gale.com/apps/collection/6ACQ/GDSC?u=temple_main&sid=bookmark-GDSC,
Conference Board Business Knowledge Research Library,http://www.conference-board.org/ea/,
Confidential Print: Africa (1834-1966),http://www.archivesdirect.amdigital.co.uk/CP_Africa,
Confidential Print: Latin America (1833-1969),http://www.archivesdirect.amdigital.co.uk/CP_LatinAmerica,
Confidential Print: Middle East (1839-1969),http://www.archivesdirect.amdigital.co.uk/CP_MiddleEast,
Confidential Print: North America (1824-1961),http://www.archivesdirect.amdigital.co.uk/CP_NorthAmerica,
Congress.gov (formerly THOMAS),http://thomas.loc.gov/,
Contemporary World Drama,https://search.alexanderstreet.com/codr,
Contemporary World Music,https://search.alexanderstreet.com/womu,
Coronavirus Research Database,https://search.proquest.com/coronavirus/fromDatabasesLayer?accountid=14270,
COS Funding,https://pivot.proquest.com/funding_main,
COS Profiles (formerly COS Expertise),http://pivot.cos.com/profiles/main,
Counseling and Psychotherapy Transcripts: Volume I,https://search.alexanderstreet.com/pysc,
Counseling and Psychotherapy Transcripts: Volume II,https://search.alexanderstreet.com/ctrn,
Counseling and Therapy in Video,https://video.alexanderstreet.com/channel/counseling-and-therapy-in-video,
Country Life Archive? (1897-2005),https://www.proquest.com/countrylifearchive/fromDatabasesLayer?accountid=14270,
CQ Press Library (formerly CQ Political Reference Suite),http://library.cqpress.com/index.php,
CQ Researcher,https://cqpress.sagepub.com/,"Concurrent user limit: 20"
CQ Weekly,http://library.cqpress.com/cqweekly,
Credo Reference,http://search.credoreference.com/,
Credo Reference: Biography,http://search.credoreference.com/content/browse/book?subject=99,
"Crime, Punishment, and Popular Culture (1790-1920)",https://link.gale.com/apps/CPPC?u=temple_main,
Criminal Justice Abstracts,http://search.ebscohost.com/login.aspx?profile=ehost&defaultdb=cja,
Current Contents Connect (1998-present),https://www.webofscience.com/wos/ccc/basic-search,
Current Index to Statistics (CIS),https://mathscinet.ams.org/cis,
Current Protocols Series,https://currentprotocols.onlinelibrary.wiley.com/,
Daily Mail Historical Archive (1896-2016),https://link.gale.com/apps/DMHA?u=temple_main,
DailyMed,https://dailymed.nlm.nih.gov/dailymed/,
Dance in Video,https://search.alexanderstreet.com/daiv,
Dance Online: Dance Studies Collection,https://search.alexanderstreet.com/dncr,
Data Citation Index,https://www.webofscience.com/wos/drci/basic-search,
data.census.gov,https://data.census.gov/cedsci/,
Data.gov,https://data.gov/,
Dave Leip's Atlas of U.S. Presidential Elections,http://libproxy.temple.edu/loggedin/uselectionatlas.htm,
"Defining Gender, 1450-1910",http://www.gender.amdigital.co.uk/,
Dentistry & Oral Sciences Source (DOSS),"http://search.ebscohost.com/login.aspx?authtype=ip,uid&custid=s8483746&profile=ehost&defaultdb=ddh&groupid=main",
Derwent Innovations Index (1994-present),https://www.webofscience.com/wos/diidw/basic-search,
Design & Applied Arts Index,http://search.proquest.com/daai?accountid=14270,
Dictionary of American Regional English (DARE),https://www.daredictionary.com,
Dictionary of Old English,https://tapor.library.utoronto.ca/doe/,
Dictionary of Old English Web Corpus,https://tapor.library.utoronto.ca/doecorpus/,
Digital Library of the Caribbean (dLOC),https://www.dloc.com/,
Digital National Security Archive (DNSA),https://www.proquest.com/dnsa/socialsciences/fromDatabasesLayer?accountid=14270,
Digital Public Library of America (DPLA),http://dp.la/,
Digital Public Library of America (DPLA) Primary Source Sets,https://dp.la/primary-source-sets,
"Digital Sanborn Maps, 1867-1970",http://sanborn.umi.com/,
Digital Theatre Plus,https://edu.digitaltheatreplus.com,
Digitale Bibliothek Deutscher Klassiker,http://klassiker.chadwyck.com/,
Disability in the Modern World,https://search.alexanderstreet.com/disa,
Documents on British Policy Overseas,http://search.proquest.com/dbpo?accountid=14270,
DRAM,http://proxy.dramonline.org,
Drama Online,https://www.dramaonlinelibrary.com,
DSM Library,http://psychiatryonline.com/dsmLibrary.aspx,
DynaMed,"http://search.ebscohost.com/login.aspx?authtype=ip,uid&custid=s8483746&profile=dmp&groupid=main",
e-EROS: Encyclopedia of Reagents for Organic Synthesis,http://onlinelibrary.wiley.com/book/10.1002/047084289X/homepage/e-eros_publications.htm,
Early American Fiction 1789-1875,https://search.proquest.com/eaf2?accountid=14270,
"Early American Imprints, Series I: Evans (1639-1800)",http://infoweb.newsbank.com/?db=EVAN,
"Early American Imprints, Series II: Shaw-Shoemaker (1801-1819)",http://infoweb.newsbank.com/?db=SHAW,
Early Arabic Printed Books from the British Library,https://link.gale.com/apps/EAPB?u=temple_main,
Early Encounters in North America,http://eena.alexanderstreet.com,
Early English Books Online (EEBO),http://search.proquest.com/eebo?accountid=14270,
Early English Prose Fiction (1500-1700),https://search.proquest.com/eepf?accountid=14270,
Early European Books (EEB),https://www.proquest.com/eeb/literature/fromDatabasesLayer?accountid=14270,
Early Experiences in Australasia (1788-1901),https://search.alexanderstreet.com/eenz,
Early Modern Books,https://www.proquest.com/emb/literature/fromDatabasesLayer?accountid=14270,
"Earth, Atmospheric & Aquatic Science Database",https://www.proquest.com/eaasdb/science/fromDatabasesLayer?accountid=14270,
East India Company (1599-1947),http://www.eastindiacompany.amdigital.co.uk/,
Ebook Central (formerly Ebrary),https://ebookcentral.proquest.com/lib/templeuniv-ebooks/,"Note: The 'Full Download' feature uses Adobe Digital Editions (ADE). Patrons on computer can access books without an Adobe ID, but patrons on mobile devices will need to log in with an Adobe ID."
EbscoHost eBook Collection,http://search.ebscohost.com/login.aspx?profile=ehost&defaultdb=nlebk,"Concurrent user limit: most titles are unlimited, others allow  1-3 users per title"
EbscoHost Research Databases,http://search.ebscohost.com/login.asp?profile=web,
ebusinessforum.com,http://www.ebusinessforum.com/,
Ecology Abstracts,http://search.proquest.com/ecology?accountid=14270,
ecommerceDB,https://ecommercedb.com/,"Note: You must access content found in the ecommerceDB Reports tab through the Statista platform."
EconLit,http://search.proquest.com/econlit?accountid=14270,
Economist Intelligence Unit Country Reports Archive? (1952-1995),https://www.proquest.com/eiuarchive/business/fromDatabasesLayer?accountid=14270,
ECRI Guidelines Trust,https://guidelines.ecri.org/,
EDGAR,http://www.sec.gov/edgar.shtml,
Education Journals (ProQuest),http://search.proquest.com/education?accountid=14270,
Education Magazine Archive? (1910-2015),https://www.proquest.com/ema/history/fromDatabasesLayer?accountid=14270,
Education Source,http://search.ebscohost.com/login.aspx?profile=ehost&defaultdb=eue,
eGrants.net,http://www.egrants.net/public/activate.cfm?code=39526,
eHRAF Archaeology,http://ehrafarchaeology.yale.edu/,
eHRAF World Cultures,http://ehrafworldcultures.yale.edu/,
Eighteenth Century Collections Online (ECCO),https://link.gale.com/apps/ECCO?u=temple_main,
Eighteenth Century Drama,http://www.eighteenthcenturydrama.amdigital.co.uk/,
Eighteenth Century Journals Portal,http://www.18thcjournals.amdigital.co.uk,
Eighteenth-Century Fiction (1700-1780),https://search.proquest.com/c18f?accountid=14270,
EIS: Digests of Environmental Impact Statements,http://search.proquest.com/eisdigests?accountid=14270,
EIU Viewpoint: China,https://viewpoint.eiu.com,
Electronic Arts Intermix (EAI) Streaming Service,http://www.eai.org/education.htm,
Electronic Research Archive for Mathematics,http://www.emis.de/projects/JFM/,
Elgar Online,http://www.elgaronline.com/browse?access=user,
eMagRes,http://onlinelibrary.wiley.com/book/10.1002/9780470034590,
Embase,http://www.embase.com,
Emerald Journals,https://www.emerald.com/insight,
Empire Online,http://www.empire.amdigital.co.uk,
Encyclopaedia of Islam,http://go.galegroup.com/ps/i.do?id=GALE|9789047412007&v=2.1&u=temple_main&it=aboutBook&p=GVRL&sw=w,
Encyclopedia of American Studies,http://eas-ref.press.jhu.edu/,
Encyclopedia of Jews in the Islamic World,http://referenceworks.brillonline.com/browse/encyclopedia-of-jews-in-the-islamic-world,
Encyclopedia of Life Sciences,http://www.els.net/WileyCDA/,
Encyclopedia of Social Work,http://socialwork.oxfordre.com/,"Concurrent user limit: 1"
Encyclopedia of the Bible and its Reception,http://www.degruyter.com/databasecontent?dbid=ebr&dbsource=%2Fdb%2Febr,
Engineering Case Studies Online,https://search.alexanderstreet.com/engv,
English Drama (1280-1915),https://search.proquest.com/ed?accountid=14270,
English Poetry (600-1900),https://search.proquest.com/ep?accountid=14270,
"English Poetry, 2nd Edition",https://search.proquest.com/ep2?accountid=14270,
English Short Title Catalog,http://estc.bl.uk,
Entertainment Industry Magazine Archive (1910-2015),https://search.proquest.com/eima/fromDatabasesLayer?accountid=14270,
Environment Abstracts,http://search.proquest.com/envabstractsmodule?accountid=14270,
Environmental Issues Online,https://search.alexanderstreet.com/envi,
Environmental Science Collection,https://www.proquest.com/escoll/science?accountid=14270,
Epistemonikos,https://www.epistemonikos.org/en/,
eRA@TU (Electronic Research Administration),https://era.temple.edu/tu_login/login.asp,
ERIC [via EBSCOhost],http://search.ebscohost.com/login.aspx?profile=ehost&defaultdb=eric,
ERIC [via ProQuest],http://search.proquest.com/eric?accountid=14270,
ERIC [via U.S. Department of Education],https://eric.ed.gov/,
esp@cenet,http://worldwide.espacenet.com/,
Essential Science Indicators (ESI),https://esi.clarivate.com,
Ethnic Newswatch,http://search.proquest.com/ethnicnewswatch?accountid=14270,"Concurrent user limit: 12"
Ethnographic Sound Archives Online,https://search.alexanderstreet.com/etsa,
Ethnographic Video Online,https://video.alexanderstreet.com/channel/ethnographic-video-online-foundational-films,
Ethnographic Video Online: Royal Anthropological Institute Teaching Edition,https://search.alexanderstreet.com/antt,
Ethnologue: Languages of the World,https://www.ethnologue.com/,
Euromonitor Passport,http://www.portal.euromonitor.com/portal/server.pt,
Europa World,http://www.europaworld.com,"Concurrent user limit: 4"
European Views of the Americas: 1493-1750,http://search.ebscohost.com/login.aspx?profile=ehost&defaultdb=hev,
"Everyday Life & Women in America, c1800-1920",http://www.everydaylife.amdigital.co.uk,
Faber Poetry Library,https://search.proquest.com/fpl?accountid=14270,
Far Eastern Economic Review Archive? (1946-2009),https://www.proquest.com/feer/history/fromDatabasesLayer?accountid=14270,
Fed In Print,http://www.frbsf.org/publications/fedinprint/index.html,
"Federal Surveillance of African Americans, 1920-1984",http://go.galegroup.com/gdsc/i.do?id=3ENB&v=2.1&u=temple_main&it=aboutCollections&p=GDSC&sw=w,
Ferguson Career Guidance Center,http://online.infobaselearning.com/Direct.aspx?aid=257327&pid=WE34,
FIAF International Index to Film Periodicals Plus,http://search.proquest.com/fiaf?accountid=14270,
Film & Television Literature Index with Full Text,http://search.ebscohost.com/login.aspx?profile=ehost&defaultdb=f3h,
Film Scripts Online,https://search.alexanderstreet.com/afso,
Films on Demand,http://fod.infobase.com,
Financial Times Historical Archive (1888-2016),https://link.gale.com/apps/FTHA?u=temple_main,
First World War Portal,http://www.firstworldwar.amdigital.co.uk/,
Firsthand (formerly Vault Career Insider),https://temple.firsthand.co/,"Note: Users must create a separate Firsthand account using their @temple.edu email address to access this resource.  They must also agree to this Terms of Service."
Food Studies Online,https://search.alexanderstreet.com/food,
"Foreign Broadcast Information Service (FBIS) Daily Reports, 1941-1996",http://infoweb.newsbank.com/?db=FBISX,
Foreign Firms Operating in the United States,https://uniworldonline.com/search,
Foreign Law Guide,https://referenceworks.brillonline.com/browse/foreign-law-guide,
Foreign Office Files for China (1919-1980),http://www.archivesdirect.amdigital.co.uk/FO_China,
"Foreign Office Files for India, Pakistan and Afghanistan (1947-1980)",http://www.archivesdirect.amdigital.co.uk/FO_India,
Foreign Office Files for Japan (1931-1952),http://www.archivesdirect.amdigital.co.uk/FO_Japan,
Foreign Office Files for the Middle East (1971-1981),http://www.archivesdirect.amdigital.co.uk/FO_MiddleEast,
Foundation Directory Online (FDO),https://fconline.foundationcenter.org/ipl.php,
Founders Online,http://founders.archives.gov/,
Free Access to Pascal and Francis,http://pascal-francis.inist.fr/home/,
"Frontier Life: Borderlands, Settlement & Colonial Encounters",http://www.frontierlife.amdigital.co.uk/,
Funk & Wagnalls New World Encyclopedia,http://search.epnet.com/login.asp?profile=web&defaultdb=funk,
Gale Digital Scholar Lab,https://link.gale.com/apps/DSLAB?u=temple_main,"Note: Users will need to create a login using either their Temple Microsoft or Google account.??"
Gale Directory Library,https://link.gale.com/apps/GDL?u=temple_main,
Gale eBooks,https://link.gale.com/apps/GVRL?u=temple_main,
Gale in Context: Biography,https://link.gale.com/apps/BIC?u=temple_main,
Gale in Context: Environmental Studies,https://link.gale.com/apps/GRNR?u=temple_main,
Gale in Context: Global Issues,https://link.gale.com/apps/GIC?u=temple_main,
Gale in Context: Opposing Viewpoints,https://link.gale.com/apps/OVIC?u=temple_main,
Gale Literature Criticism,https://link.gale.com/apps/LCO?u=temple_main,
Gale Literature Resource Center,https://link.gale.com/apps/LitRC?u=temple_main,
Gale Literature: Book Review Index,https://link.gale.com/apps/BRIP?u=temple_main,
Gale Literature: Contemporary Authors,https://link.gale.com/apps/CA?u=temple_main,
Gale NewsVault,http://infotrac.galegroup.com/itweb/temple_main?db=DVNW,
Gale OneFile: Contemporary Women's Issues,https://link.gale.com/apps/CWI?u=temple_main,
Gale Presents: Peterson's Test and Career Prep,https://link.gale.com/apps/TERC?u=temple_main,
Gale Primary Sources (formerly Artemis),https://go.gale.com/ps/i.do?p=GDCS&sw=w&u=temple_main&v=2.1&pg=BasicSearch&it=static&sid=GDCS,
"Garden, Landscape & Horticulture Index",http://search.ebscohost.com/login.aspx?profile=ehost&defaultdb=puh,
Garland Encyclopedia of World Music,https://search.alexanderstreet.com/glnd,
Gartner Research,https://ssofed.gartner.com/sp/startSSO.ping?PartnerIdpId=https://fim.temple.edu/idp/shibboleth,"Note: This resource is provided by Temple ITS."
Gender: Identity and Social Change,http://www.genderidentityandsocialchange.amdigital.co.uk/,
GenderWatch,http://search.proquest.com/genderwatch?accountid=14270,"Concurrent user limit: 12"
General OneFile,http://infotrac.galegroup.com/itweb/temple_main?db=ITOF,
General Social Survey (GSS),http://gss.norc.org/,
Geolytics Neighborhood Change Database (NCDB),http://demographics.geolytics.com/ncdb2010/default.aspx,"Note: Users will see a GeoLytics login screen that is auto-populated with the correct User ID and Password.  Just click 'Login' to access this resource."
GeoRef,http://search.ebscohost.com/login.aspx?profile=ehost&defaultdb=geh,
GeoScienceWorld,http://www.geoscienceworld.com,
German Literature Collections,http://glc.chadwyck.com/,
"Gerritsen Collection - Women's History Online, 1543-1945",http://gerritsen.chadwyck.com,
Global Commodities,http://www.globalcommodities.amdigital.co.uk,
Global Health Archive (1910-1972),http://gateway.ovid.com/ovidweb.cgi?T=JS&MODE=ovid&D=cagh0&PAGE=main&NEWS=Y&LOGOUT=http://library.temple.edu,"Concurrent user limit: 4"
Global Index Medicus,https://www.globalindexmedicus.net/,
Global Plants,https://plants.jstor.org/,
Global Press Archive: East African Newspapers,https://gpa.eastview.com/crl/ean/,
Global Press Archive: El Caribe Digital Archive,https://gpa.eastview.com/crl/elcaribe/,
Global Press Archive: Imperial Russian Newspapers,https://gpa.eastview.com/crl/irn/,
Global Press Archive: Independent and Revolutionary Mexican Newspapers,https://gpa.eastview.com/crl/irmn,
Global Press Archive: Late Qing and Republican-Era Chinese Newspapers,https://gpa.eastview.com/crl/lqrcn/,
Global Press Archive: Middle Eastern and North African Newspapers,https://gpa.eastview.com/crl/mena,
Global Press Archive: Post-Perestroika Newspapers (1990-2016),https://gpa.eastview.com/crl/ppn/,
Global Press Archive: South Asian Newspapers,https://gpa.eastview.com/crl/san/,
Global Press Archive: Southeast Asian Newspapers (1839-1976),https://gpa.eastview.com/crl/sean/,
Google Books,http://books.google.com,
Google Patents,https://patents.google.com/,
Google Scholar,http://scholar.google.com,"Note: Follow <a href=""https://answers.library.temple.edu/faq/262762""> these instructions</a> to link Google Scholar with Temple's resources."
govinfo (formerly GPO FDsys),https://www.govinfo.gov/,
GPO Monthly Catalog,http://newfirstsearch.oclc.org/done=referer;fsip;dbname=GPO,
GQ Archive? (1931-current),https://www.proquest.com/gqa/fromDatabasesLayer?accountid=14270,
GreenFILE,http://search.ebscohost.com/login.aspx?profile=ehost&defaultdb=8gh,
Grove Art Online [via Oxford Art Online],http://www.oxfordartonline.com,"Concurrent user limit: 11"
Grove Music Online [via Oxford Music Online],http://www.oxfordmusiconline.com,"Concurrent user limit: 11"
Guide to Computing Literature,http://portal.acm.org/guide.cfm,
Hague Academy Collected Courses Online,http://referenceworks.brillonline.com/browse/the-hague-academy-collected-courses,
Handbook of Latin American Studies,https://hlasopac.loc.gov/?,
Handbook of WTO/GATT Dispute Settlement,http://referenceworks.brillonline.com/browse/handbook-of-WTOGATT-dispute-settlement,
Harper's Bazaar Archive? (1867-current),https://www.proquest.com/harpersbazaar1/fromDatabasesLayer?accountid=14270,
HarpWeek,http://app.harpweek.com,
HathiTrust Digital Library,https://www.hathitrust.org/?signon=swle:https://fim.temple.edu/idp/shibboleth,
Health & Fitness Magazine Archive? (1950-2015),https://www.proquest.com/hfma/socialsciences/fromDatabasesLayer?accountid=14270,
Health and Psychosocial Instruments (HaPI) [via EBSCOhost],http://search.ebscohost.com/login.aspx?profile=ehost&defaultdb=hpi,"Concurrent user limit: 5"
Health and Safety Science Abstracts,http://search.proquest.com/healthsafetyabstracts?accountid=14270,
Health Poll Database,https://www.healthpolldatabase.org/hpd/,
HealthSTAR,http://gateway.ovid.com/ovidweb.cgi?T=JS&MODE=ovid&D=hstr&PAGE=main&NEWS=Y&LOGOUT=http://library.temple.edu/articles/dbfinder,"Concurrent user limit: 30"
HeinOnline,http://heinonline.org/HOL/Welcome,
Henry Stewart Talks,http://www.hstalks.com/access,
Hispanic American Periodicals Index(HAPI),http://hapi.ucla.edu/,
Historical Abstracts with Full Text,http://search.ebscohost.com/login.aspx?profile=ehost&defaultdb=30h,
Historical Jewish Press,https://www.nli.org.il/en/discover/newspapers/jpress,
Historical Statistics of the United States,http://hsus.cambridge.org/,
Homeland Security Digital Library,https://www.hsdl.org,
Hoover's Handbooks [via Mergent Archives],https://www.mergentarchives.com/search.php?q=hoover&searchType=104,
Hospitality & Tourism Index,http://search.ebscohost.com/login.aspx?profile=ehost&defaultdb=hoh,
"House and Senate Journals, Series I, 1789-1817",http://infoweb.newsbank.com/?db=HSJA,
Human Rights Studies Online,https://search.alexanderstreet.com/huri,
"Humanities and Social Sciences Index Retrospective, 1907-1984 [via EbscoHost]",http://search.ebscohost.com/login.aspx?profile=ehost&defaultdb=hsr,
ICPSR,https://www.icpsr.umich.edu/,"Note: Users must first create an ICPSR account to be able to access this resource from off-campus.  Logging in with Facebook or Google accounts will not work.  When prompted, select to 'Continue via Proxy Server'."
IDEAS,https://ideas.repec.org/,
IEEE Xplore,https://www.ieee.org/ieeexplore,"Concurrent user limit: 50"
IGI Global Research,https://www.igi-global.com/gateway/search/?nl=1&oids=2,
"Illustrated London News Archive, 1842-2003",https://link.gale.com/apps/ILN?u=temple_main,
IMF eLibrary,https://www.elibrary.imf.org/,
Independent Voices,https://www.jstor.org/site/reveal-digital/independent-voices/,
Index of Medieval Art (formerly Index of Christian Art),https://theindex.princeton.edu,
Index to Foreign Legal Periodicals,http://heinonline.org/HOL/Index?collection=iflp,
Index to Printed Music,http://search.ebscohost.com/login.aspx?profile=ehost&defaultdb=ipm,"Concurrent user limit: 5"
India Raj and Empire,http://www.indiaraj.amdigital.co.uk/,
Indian Claims Insight,http://indianclaims.proquest.com/indianclaims?accountid=14270,
Industrial and Applied Microbiology Abstracts (Microbiology A),http://search.proquest.com/microbiologya?accountid=14270,
IngentaConnect,http://www.ingentaconnect.com,
Inspec,https://www.engineeringvillage.com,
International African Bibliography Online (IABO),https://www.degruyter.com/databasecontent?dbid=iabo&dbsource=%2Fdb%2Fiabo,
International Bibliography of Art,http://search.proquest.com/iba?accountid=14270,
International Bibliography of the Social Sciences,http://search.proquest.com/ibss?accountid=14270,
International Bibliography of Theatre & Dance with Full-Text,http://search.ebscohost.com/login.aspx?profile=ehost&defaultdb=ibh,
International Business Online,https://search.alexanderstreet.com/ibus,
International Encyclopedia of the Social and Behavioral Sciences,http://www.sciencedirect.com/science/referenceworks/9780080430768,
International Herald Tribune Historical Archive (1887-2013),https://link.gale.com/apps/IHTO?u=temple_main,
International Index to Music Periodicals,http://search.proquest.com/iimp?accountid=14270,
International Law & World Order: Weston's & Carlson's Basic Documents,http://referenceworks.brillonline.com/browse/international-law-and-world-order,
International Maritime Boundaries Online,http://referenceworks.brillonline.com/browse/international-maritime-boundaries,
International Monetary Fund (IMF) Data,https://www.imf.org/en/data,"Note: The linked IMF Data is available to the public.  Temple does not currently subscribe to any IMF products."
International Pharmaceutical Abstracts (IPA) [via EBSCOhost],http://search.ebscohost.com/login.aspx?profile=ehost&defaultdb=ipa,"Concurrent user limit: 4"
Investext [via Mergent Online],http://www.mergentonline.com/investextfullsearch.php,
IOPscience (Institute of Physics journals),http://iopscience.iop.org,
IPA Source,http://www.ipasource.com/,
IPUMS,https://ipums.org/,
ITER: Gateway to the Middle Ages & Renaissance,http://www.itergateway.org/resources,
J. Walter Thompson: Advertising America,http://www.jwtadvertisingamerica.amdigital.co.uk/,
Jazz Music Library,https://search.alexanderstreet.com/jazz,
Jewish Exponent (1887 - 1990),http://search.proquest.com/hnpjewishexponent?accountid=14270,
"Jewish Life in America, c1654-1954",http://www.jewishlife.amdigital.co.uk,
John Johnson Collection,http://johnjohnson.chadwyck.com/home.do,
Johns Hopkins Guide to Literary Theory,http://litguide.press.jhu.edu/,
Journal Citation Reports (JCR),https://jcr.clarivate.com,
Journals@OVID,http://gateway.ovid.com/ovidweb.cgi?T=JS&MODE=ovid&D=ovft&PAGE=main&NEWS=Y&LOGOUT=http://library.temple.edu/articles/dbfinder,
JoVE Education: Clinical Skills,https://www.jove.com/education/clinicskills,"Note: Patrons should create a separate JoVE account for access to all features, including custom playlists and Canvas integration."
JoVE Unlimited,https://www.jove.com/,"Note: Patrons should create a separate JoVE account for access to all features, including custom playlists and Canvas integration."
JSTOR,http://www.jstor.org/action/showBasicSearch,
JSTOR Security Studies,https://www.jstor.org/security-studies/,
JSTOR Sustainability,https://www.jstor.org/sustainability/,
JustisOne,https://app.justis.com,
Kanopy,https://temple.kanopystreaming.com/,"Note: Not all content is available for immediate access. To request a title, please fill out the form from within the database."
Karger Fast Facts,https://www.karger.com/FastFacts#fastfactstitles,
King James Bible,http://collections.chadwyck.com/home/home_kjb.jsp,
Kirk-Othmer Encyclopedia of Chemical Technology,http://www.mrw.interscience.wiley.com/emrw/9780471238966/kirk/topics,
Knovel Library,https://app.knovel.com/web,
L'Annee Philologique,http://apps.brepolis.net/LTool/Entrance.aspx?w=30,"Concurrent user limit: 10"
Latin American Drama,https://search.alexanderstreet.com/ldra,
"Latin American Historical Newspapers, Series 1",http://infoweb.newsbank.com/?db=WHNPX&d_collections=WHNPLAN1,
"Latin American Historical Newspapers, Series 2",http://infoweb.newsbank.com/?db=WHNPX&d_collections=WHNPLAN2,
Latin American Monitoring Centre,http://www.latinnews.com/member-area/37.html,
Latin American Weekly Report,http://www.latinnews.com/component/k2/itemlist/category/33.html?archive=true&archive_id=33,"Concurrent user limit: 10 "
Latin American Women Writers,https://lit.alexanderstreet.com/laww,
Latino Literature,https://search.proquest.com/litcollectionlali?accountid=14270,
Latinx Thought and Culture: The NPR Archive,https://www.proquest.com/latx?accountid=14270,
Law.com,http://www.law.com,
LawInfoChina,http://en.pkulaw.cn/,"Concurrent user limit: 1"
LearnTechLib,http://www.learntechlib.org,
"Leisure, Travel & Mass Culture: The History of Tourism",http://www.masstourism.amdigital.co.uk/,
Letters and Diaries Online,https://search.alexanderstreet.com/lado,
Lexi-Comp Online,https://online.lexi.com/crlsql/servlet/crlonline?siteid=9862,
Lexi-Comp Online for Dentistry,http://online.lexi.com/crlonline?siteid=9864,
LGBT Magazine Archive (1954-2015),https://www.proquest.com/lgbtma/history/fromDatabasesLayer?accountid=14270,
LGBT Thought and Culture,https://search.alexanderstreet.com/gltc,
LGBTQ+ Life,http://search.ebscohost.com/login.aspx?profile=ehost&defaultdb=qrh,
Liberty Magazine Historical Archive (1924-1950),https://link.gale.com/apps/LBRT?u=temple_main,
Library & Information Science Abstracts,http://search.proquest.com/lisa?accountid=14270,
Library of Latin Texts,http://www.brepolis.net,
Library Search,https://librarysearch.temple.edu/bento,
Library Search: Books,https://librarysearch.temple.edu/catalog,
Library Stack,https://www.librarystack.org/,
"Library, Information Science & Technology Abstracts",http://search.ebscohost.com/login.aspx?profile=ehost&defaultdb=lxh,
LIFE Photo Archive,http://images.google.com/hosted/life,
Linguistics & Language Behavior Abstracts,http://search.proquest.com/llba?accountid=14270,
LinkedIn Learning (formerly Lynda.com),https://www.linkedin.com/checkpoint/enterprise/login/2206009?application=learning&appInstanceId=61595657&authModeId=6545421096307474432&authModeName=TempleSAML,
Literary Manuscripts,http://www.literarymanuscriptsleeds.amdigital.co.uk/,
Literary Manuscripts (Berg),http://www.literarymanuscriptsberg.amdigital.co.uk,
Literary Print Culture: The Stationers' Company Archive (1554-2007),http://www.literaryprintculture.amdigital.co.uk/,
LiteraryMarketPlace.com (LMP),https://www.literarymarketplace.com,"Concurrent User Limit: 2"
Literature Online (LION),https://www.proquest.com/lion?accountid=14270,
LLMC Digital,http://www.llmcdigital.org/,
LOC Country Studies,https://www.loc.gov/collections/country-studies/,
London Low Life,http://www.londonlowlife.amdigital.co.uk/,
London Times (1785-2014) [via Gale Times Digital Archive],https://link.gale.com/apps/TTDA?u=temple_main,
LWW Health Library: Premium Basic Sciences Collection,https://meded.lwwhealthlibrary.com,
Macmillan Cabinet Papers (1957-1963),http://www.archivesdirect.amdigital.co.uk/Macmillan,
MadCad.com Codes and Standards,http://www.madcad.com/madcad/login.php?destination=/library/,"Concurrent user limit: 1"
Making of Modern Law: American Civil Liberties Union Papers,https://link.gale.com/apps/ACLU?u=temple_main,
Making of Modern Law: Foreign Primary Sources (1600–1970),https://link.gale.com/apps/MLFP?u=temple_main,
"Making of Modern Law: Foreign, Comparative and International Law (1600–1926)",https://link.gale.com/apps/MMLF?u=temple_main,
Making of Modern Law: Legal Treatises 1800-1926,https://link.gale.com/apps/MOML?u=temple_main,
Making of Modern Law: Primary Sources,https://link.gale.com/apps/MMLP?u=temple_main,
Making of Modern Law: Trials 1600-1926,https://link.gale.com/apps/MMLT?u=temple_main,
"Making of Modern Law: U.S. Supreme Court Records & Briefs, 1832-1978",https://link.gale.com/apps/SCRB?u=temple_main,
Making of the Modern World (1450-1970),https://link.gale.com/apps/MOME?u=temple_main,
Manuscript Women's Letters and Diaries,https://search.alexanderstreet.com/mwld,
Market Research and American Business (1935-1965),http://www.marketresearch.amdigital.co.uk/,
MAS Ultra - School Edition,http://search.ebscohost.com/login.aspx?profile=ehost&defaultdb=ulh,
Mass Incarceration and Prison Studies,https://search.alexanderstreet.com/inca,
Mass Observation Online,http://www.massobservation.amdigital.co.uk/,
MasterFile Premier,http://search.ebscohost.com/login.aspx?profile=ehost&defaultdb=f5h,
Material Safety Data Sheets,http://hazard.com/msds/index.php,
MathSciNet,http://www.ams.org/mathscinet/,
MathSciNet [via EBSCOhost],"http://search.ebscohost.com/login.aspx?authtype=ip,uid&profile=ehost&defaultdb=msn",
MathWorld,https://mathworld.wolfram.com/,
Max Planck Encyclopedia of Comparative Constitutional Law,http://oxcon.ouplaw.com/home/MPECCOL,
Max Planck Encyclopedia of Public International Law,http://opil.ouplaw.com/home/EPIL,
Media History Digital Library,http://mediahistoryproject.org/,
Medical Expenditure Panel Survey (MEPS),https://meps.ipums.org/meps,
Medical Services and Warfare (1850-1927),http://www.medicalservicesandwarfare.amdigital.co.uk/,
medici.tv,https://edu.medici.tv/,
Medieval Family Life,http://www.medievalfamilylife.amdigital.co.uk,
Medieval Travel Writing,http://www.medievaltravel.amdigital.co.uk,
Medline [via EBSCOhost],http://search.ebscohost.com/login.aspx?profile=ehost&defaultdb=cmedm,
Medline [via FirstSearch],http://newfirstsearch.oclc.org/done=referer;fsip;dbname=MEDLINE,
Medline [via Ovid],http://gateway.ovid.com/ovidweb.cgi?T=JS&MODE=ovid&D=prmz&PAGE=main&NEWS=Y&LOGOUT=http://library.temple.edu/articles/dbfinder,
Medline [via Web of Science],https://www.webofscience.com/wos/medline/basic-search,
MedOne-Neurosurgery,http://medone-neurosurgery.thieme.com/,
MedOne-PlasticSurgery,http://MedOne-PlasticSurgery.thieme.com,
Meiji Japan,http://www.aap.amdigital.co.uk/,
Men’s Magazine Archive? (1845-2015),https://www.proquest.com/mma/fromDatabasesLayer?accountid=14270,
Mental Measurements Yearbook with Tests in Print,http://search.ebscohost.com/login.aspx?profile=ehost&defaultdb=mmt,"Concurrent user limit: 4"
Merck Index Online,https://www.rsc.org/merck-index,
Mergent Archives,http://www.mergentarchives.com/search.php,
Mergent Intellect,http://www.mergentintellect.com,
Mergent Online,http://www.mergentonline.com,"Concurrent user limit: 6"
Met Opera On Demand,http://metopera.org/season/on-demand/,"Concurrent user limit: 10"
MGG Online,https://mgg-online.com,
Middle Search Plus,http://search.ebscohost.com/login.aspx?profile=ehost&defaultdb=mih,
Mideastwire.com,https://www.mideastwire.com,
Migration to New Worlds,http://www.migration.amdigital.co.uk/,
Military & Government Collection,http://search.ebscohost.com/login.aspx?profile=ehost&defaultdb=mth,
Mintel Market Research Reports,https://clients.mintel.com/,
Mirror Historical Archive (1903-2000),https://link.gale.com/apps/DMIR?u=temple_main,
MIT Cognet,https://direct.mit.edu/,
MLA Directory of Periodicals,http://search.ebscohost.com/login.aspx?profile=ehost&defaultdb=kah,
MLA International Bibliography,http://search.ebscohost.com/login.aspx?profile=ehost&defaultdb=mzh,
Monthly Bulletin of Statistics,http://unstats.un.org/unsd/mbs/app/DataSearchTable.aspx,
Movie Review Query Engine,http://www.mrqe.com/,
MRI Simmons Catalyst,https://insights.mrisimmons.com/university/temple,"Concurrent user limit: 10"
Music & Performing Arts,https://search.alexanderstreet.com/music-performing-arts,
Music and Performing Arts Collection,http://search.proquest.com/musicperformingarts?accountid=14270,
Music Index Online,http://search.ebscohost.com/login.aspx?profile=ehost&defaultdb=mah,
Music Online: American Music,https://search.alexanderstreet.com/amso,
Music Online: Classical Music Reference Library,https://search.alexanderstreet.com/bakr,
Music Online: Music Periodicals of the 19th Century,https://search.alexanderstreet.com/mu19,
MusicalTheaterSongs.com,https://musicaltheatersongs.com,
My IBISWorld,https://my.ibisworld.com,
NASA Astrophysics Data System,http://adswww.harvard.edu/,
NASA Technical Report Server,https://ntrs.nasa.gov/search,
National Academies Press (NAP),https://nap.nationalacademies.org/,
National Bureau of Economic Research (NBER),https://www.nber.org/research,
National Criminal Justice Reference Service Abstracts [via ProQuest],http://search.proquest.com/ncjrs?accountid=14270,
National Criminal Justice Reference Service Abstracts [via U.S. Department of Justice],http://www.ncjrs.gov/,
National Geographic Virtual Library (1888-2015),https://link.gale.com/apps/NGMA?u=temple_main,
National Journal Political Resources,https://www.nationaljournal.com,
National Science Digital Library (NSDL),https://nsdl.oercommons.org/,
National Theatre Collection,https://search.alexanderstreet.com/nath,
Natural Medicines,https://naturalmedicines.therapeuticresearch.com,
Nature Publishing Group,http://www.nature.com/,
Naxos Music Library,http://temple.naxosmusiclibrary.com,"Concurrent user limit: 10"
Naxos Music Library Jazz,http://temple.naxosmusiclibrary.com/jazz,"Concurrent user limit: 5"
Naxos Video Library,http://temple.naxosvideolibrary.com,"Concurrent user limit: 5"
NCBI Bookshelf,http://www.ncbi.nlm.nih.gov/sites/entrez?db=books,
NeuroBITE,https://neurorehab-evidence.com/web/cms/content/home,
New Palgrave Dictionary of Economics (2018),https://link.springer.com/referencework/10.1057/978-1-349-95189-5,
New Pauly,http://referenceworks.brillonline.com/browse/brill-s-new-pauly,"Concurrent User Limit: 3"
New Play Exchange (NPX),https://newplayexchange.org,
New York Times Full-Text (1980 - present) [via ProQuest U.S. Newsstream],http://search.proquest.com/publication/11561,
New York Times Full-Text / Full-Image (1851-2018) [via ProQuest Historical Newspapers],http://search.proquest.com/hnpnewyorktimeswindex?accountid=14270,
New York Times Online,https://www.nytimes.com/,
"News, Policy & Politics Magazine Archive? (1918-2015)",https://www.proquest.com/nppma/history/fromDatabasesLayer?accountid=14270,
Newsweek Archive? (1933-2012),https://www.proquest.com/newsweek/fromDatabasesLayer?accountid=14270,
Nexis Uni (formerly LexisNexis Academic),http://www.nexisuni.com,
Nineteenth Century Collections Online (NCCO),https://link.gale.com/apps/NCCO?u=temple_main,
Nineteenth Century U.S. Newspapers,https://link.gale.com/apps/NCNP?u=temple_main,
Nineteenth Century UK Periodicals,https://link.gale.com/apps/NCUK?u=temple_main,
Nineteenth-Century Fiction,https://search.proquest.com/c19f?accountid=14270,
"North American Immigrant Letters, Diaries, and Oral Histories",https://search.alexanderstreet.com/imld,
North American Indian Drama: Second Edition,https://search.alexanderstreet.com/ind2,
North American Women's Drama: Second Edition,https://search.alexanderstreet.com/wod2,
North American Women's Letters and Diaries,https://search.alexanderstreet.com/nwld,
NTRL (National Technical Reports Library),https://ntrl.ntis.gov/NTRL/,
Nursing Reference Center Plus,"http://search.ebscohost.com/login.aspx?authtype=ip,uid&custid=s8483746&profile=nup",
O'Reilly for Higher Education (formerly Safari),https://www.safaribooksonline.com/library/view/temporary-access/,"Note: To access this resource patrons need to select 'Not Listed?' from the 'Select your institution' dropdown, and then enter an @temple.edu email address. Content is only available for online viewing and link sharing.  There are no options to download or print."
OAIster,http://newfirstsearch.oclc.org/done=referer;fsip;dbname=OAIster,
OECD iLibrary,http://www.oecd-ilibrary.org,
Office of Scientific and Technical Information (OSTI.gov),https://www.osti.gov/,
Online Books Page,http://onlinebooks.library.upenn.edu,
Online Egyptological Bibliography (OEB),http://oeb.griffith.ox.ac.uk/default.aspx,
Opera in Video,https://search.alexanderstreet.com/opiv,
OpinionArchives,http://metasearch.opinionarchives.com,"Concurrent user limit: 2 per magazine title"
Oral History Online,http://orhi.alexanderstreet.com,
Organic Reactions,http://onlinelibrary.wiley.com/book/10.1002/0471264180/titles,"Note: Temple has access to content up to and including 2011 (despite it stating 'Full Access' on the website). The Structure Search option is also not available to Temple users."
OTseeker,http://www.otseeker.com/,
Ovid Databases,http://gateway.ovid.com/ovidweb.cgi?T=JS&MODE=ovid&PAGE=dblist&NEWS=Y&LOGOUT=http://library.temple.edu/database-finder,
Oxford African American Studies Center,http://www.oxfordaasc.com/,"Concurrent user limit: 3"
Oxford Art Online,http://www.oxfordartonline.com,"Concurrent user limit: 11"
Oxford Bibliographies Online: Criminology and International Law,http://www.oxfordbibliographies.com/,"Note: Temple subscribes to two OBO subject bibliographies: Criminology and International Law. Find these under the Browse by Subject menu."
Oxford Dictionary of National Biography,http://www.oxforddnb.com,"Concurrent user limit: 1"
Oxford English Dictionary,http://www.oed.com,
Oxford Handbooks Online,https://academic.oup.com/pages/oxford-handbooks,
Oxford Handbooks Online: Law Collection,https://academic.oup.com/search-results?q=&tax=AcademicSubjects/LAW00010,
Oxford History of Western Music,http://www.oxfordwesternmusic.com,
Oxford Journals Online,https://academic.oup.com/journals,
Oxford Language Dictionaries Online,https://premium.oxforddictionaries.com,"Concurrent user limit: 1"
Oxford Music Online,http://www.oxfordmusiconline.com,"Concurrent user limit: 11"
Oxford Reference Online,https://www.oxfordreference.com/browse?btog=book&isQuickSearch=true&avail_0=unlocked,"Concurrent user limit: 12 users on the platform"
Oxford Reports on International Law,http://opil.ouplaw.com/home/ORIL,
Oxford Scholarship Online (OSO),https://academic.oup.com/pages/oxford-scholarship-online,
PAIS International,http://search.proquest.com/pais?accountid=14270,
Papers of Dwight David Eisenhower,http://eisenhower.press.jhu.edu,
PapersFirst,http://newfirstsearch.oclc.org/done=referer;fsip;dbname=PapersFirst,
Past Masters,http://pm.nlx.com/,"Concurrent user limit: 5 users per title"
Patai's Chemistry of Functional Groups (1995 - 2010),http://onlinelibrary.wiley.com/book/10.1002/9780470682531/topics,
Patent Searching and Images [via the European Patent Office],http://worldwide.espacenet.com/,
Patent Searching and Images [via US Patent & Trademark Office],http://www.uspto.gov/patft/,
Patrologia Latina,https://www.proquest.com/patrologialatina?accountid=14270,
PBS Video Collection,https://search.alexanderstreet.com/pbsv,
PDQ-Evidence,https://www.pdq-evidence.org/,
PEDRo,https://pedro.org.au/,
Pennsylvania County Histories to 1900,http://www.accessible.com/accessible/preLog,
Pennsylvania Gazette 1728-1800,http://www.accessible.com/accessible/preLog,
Pennsylvania Genealogical Catalogue: Chester County 1809-1870,http://www.accessible.com/accessible/preLog,
Pennsylvania Newspaper Record: Delaware County 1819-1870,http://www.accessible.com/accessible/preLog,
Pennsylvania Spatial Data Access (PASDA),http://www.pasda.psu.edu/,
People Magazine Archive (1974-2000),"http://search.ebscohost.com/login.aspx?authtype=ip,uid&profile=ehost&defaultdb=pmg",
Perdita Manuscripts (1500-1700),http://www.perditamanuscripts.amdigital.co.uk/,
Performance and Design Archive Online,https://search.alexanderstreet.com/pdar,
Performing Arts Periodicals Database,http://search.proquest.com/iipa?accountid=14270,
Periodicals Archive Online (PAO),http://search.proquest.com/pao,
Periodicals Index Online,http://search.proquest.com/pio,
Persee,http://www.persee.fr,
Perseus Digital Library,http://www.perseus.tufts.edu,
PGM Database,http://www.pgmdatabase.com,
Phil Papers,http://philpapers.org/,
Philadelphia Business Journal (including the Book of Lists),https://www.bizjournals.com/philadelphia,"Note: Users must first create a PBJ account using their @temple.edu email address at this <a href=""https://www.bizjournals.com/register/philadelphia?r=%2Fphiladelphia%2F"">registration link</a>, and then select the Temple University group option."
Philadelphia Daily News,http://search.proquest.com/publication/45610,
Philadelphia Inquirer (1829-1922),https://infoweb.newsbank.com/apps/readex/publication-browse?p=EANX&t=pubname%3A110C9BFA1F116650%21Philadelphia%2BInquirer&year=1922,
Philadelphia Inquirer (1860-2001) [via ProQuest Historical Newspapers],http://search.proquest.com/hnpphiladelphiainquirer,
Philadelphia Inquirer (1983-present),https://www.proquest.com/publication/45611?accountid=14270,
Philadelphia Inquirer Image Edition (2018 - present),http://infoweb.newsbank.com/resources/search/nb?p=AWNB&t=custom%3ACustBucket3%21Philadelphia%2BInquirer%2BCollection,
Philadelphia Inquirer Recent  (2010 - 3 months ago),https://search.proquest.com/pdnphiladelphiainquirer?accountid=14270,
Philadelphia Tribune (1912-2001),http://search.proquest.com/hnpphiladelphiatribune?accountid=14270,
Philadelphia Tribune (1991-present),https://search.proquest.com/publication/46477?accountid=14270,
PhilSci Archive,http://philsci-archive.pitt.edu/,
Picture Post Historical Archive (1938-1957),https://link.gale.com/apps/PIPO?u=temple_main,
Pivot,https://pivot.proquest.com,
PLI Plus,https://plus.pli.edu,"Note: PLI Plus allows downloading in discreet portions only. Please use the Bookshelf feature to save links to chapters and books for the most up-to-date material. "
POIESIS,http://www.pdcnet.org/collection,
Policy Commons,https://policycommons.net/,"Note: This is the free version of Policy Commons."
Policy File Index,http://search.proquest.com/policyfile?accountid=14270,
PolicyMap,https://temple.policymap.com/maps,
Polling the Nations,https://login.infobase.com/Direct.aspx?pid=PTN&aid=103640,
Pollution Abstracts,http://search.proquest.com/pollution?accountid=14270,
"Poole's Index to Periodical Literature, 1802 - 1907",http://c19index.chadwyck.com/gotoSearchCollections.do?initialise=pooles,
"Popular Culture in Britain and America, 1950-1975",http://www.rockandroll.amdigital.co.uk/,
Popular Medicine in America (1800-1900),http://www.popularmedicine.amdigital.co.uk/,
Population Index (1986 - 2000),http://popindex.princeton.edu/search/index.html,
Preprint Citation Index,https://www.webofscience.com/wos/pprn/basic-search,
Primary Search,http://search.ebscohost.com/login.aspx?profile=ehost&defaultdb=prh,
PrimateLit,http://primatelit.library.wisc.edu/,
ProceedingsFirst,http://newfirstsearch.oclc.org/done=referer;fsip;dbname=Proceedings,
Project Muse,http://muse.jhu.edu,
ProQuest Arts & Humanities Full Text,http://search.proquest.com/artshumanities?accountid=14270,
ProQuest Central,https://search.proquest.com/central/fromDatabasesLayer?accountid=14270,
ProQuest Civil War Era?,https://www.proquest.com/civilwar/fromDatabasesLayer?accountid=14270,
ProQuest Congressional,http://search.proquest.com/congressional/search/advanced/advanced,
ProQuest Criminal Justice,http://search.proquest.com/criminaljusticeperiodicals?accountid=14270,
ProQuest Criminology Collection,https://search.proquest.com/criminology/socialsciences/fromDatabasesLayer?accountid=14270,
ProQuest Digital Microfilm,http://digitalmicrofilm.proquest.com,
ProQuest Dissertations & Theses (PQDT) Global,https://search.proquest.com/pqdtglobal/fromDatabasesLayer?accountid=14270,
ProQuest Dissertations & Theses @ Temple University,http://search.proquest.com/pqdtlocal1005760?accountid=14270,
ProQuest Historical Newspapers,http://search.proquest.com/cv_701361?accountid=14270,
ProQuest Historical Newspapers: Pittsburgh Post-Gazette,http://search.proquest.com/hnppittsburghpostgazette,
ProQuest History Vault,https://hv.proquest.com/historyvault/hv.jsp?pageid=home,
ProQuest Legislative Insight,https://congressional.proquest.com/legislativeinsight?accountid=14270,
ProQuest One Literature,http://search.proquest.com/pq1lit?accountid=14270,
ProQuest Political Science,http://search.proquest.com/politicalscience?accountid=14270,
ProQuest Politics Collection,https://www.proquest.com/politics/socialsciences/fromDatabasesLayer?accountid=14270,
ProQuest Research Library: Social Sciences,https://www.proquest.com/pqrlsocsci/socialsciences/fromDatabasesLayer?accountid=14270,
ProQuest Social Science Database,http://search.proquest.com/socscijournals?accountid=14270,
ProQuest Social Science Premium Collection,https://search.proquest.com/socialsciencepremium/socialsciences/fromDatabasesLayer?accountid=14270,
ProQuest Sociology Collection,https://www.proquest.com/sociology1/index?accountid=14270,
ProQuest Sociology Database,http://search.proquest.com/sociology?accountid=14270,
ProQuest Supreme Court Insight,https://supremecourt.proquest.com/supremecourt,
ProQuest TDM Studio,https://tdmstudio.proquest.com/home,"Note: Users will need to create an account using their @temple.edu email address."
PsychiatryOnline,http://www.psychiatryonline.org,
Psychological Experiments Online,https://search.alexanderstreet.com/pexp,
Psychology and Behavioral Sciences Collection,http://search.ebscohost.com/login.aspx?profile=ehost&defaultdb=pbh,
PTSDpubs (formerly PILOTS),https://search.proquest.com/ptsdpubs?accountid=14270,
PubChem,https://pubchem.ncbi.nlm.nih.gov/,
Public Health Database,http://search.proquest.com/publichealth?accountid=14270,
Public Health in Modern America (1890-1970),https://link.gale.com/apps/PHIA?u=temple_main,
Publicly Available Content Database,https://search.proquest.com/publiccontent/index?accountid=14270,
Publishers Weekly Digital Archive (1872-2013),https://digitalarchives.publishersweekly.com/,
PubMed,https://www.ncbi.nlm.nih.gov/pubmed?otool=patemulib,
PubMed Central,http://www.pubmedcentral.nih.gov/,
Punch Historical Archive (1841-1992),https://link.gale.com/apps/PNCH?u=temple_main,
Queen Victoria's Journals,http://qvj.chadwyck.com/home.do,
Queer Pasts,https://search.alexanderstreet.com/qupa,
R2 Library,http://www.r2library.com,"Concurrent user limit: 1 user per title"
Race Relations in America (1943-1970),http://www.racerelations.amdigital.co.uk/,
RAMBI - The Index of Articles on Jewish Studies,https://merhav.nli.org.il/primo-explore/search?sortby=rank&vid=NLI_Rambi&lang=en_US,
"Readers' Guide to Periodical Literature Retrospective, 1890-1982 [via EbscoHost]",http://search.ebscohost.com/login.aspx?profile=ehost&defaultdb=rgr,
Reaxys,https://www.reaxys.com,
"Red de Revistas Cientificas de America Latina y el Caribe, Espana y Portugal",http://www.redalyc.org/,
"Refugees, Relief, and Resettlement: Forced Migration and World War II",https://link.gale.com/apps/RRRW?u=temple_main,
Regional Business News,http://search.ebscohost.com/login.aspx?profile=ehost&defaultdb=bwh,
Regulatory Insight,http://regulatoryinsight.proquest.com/regulatoryinsight,
Religion and Philosophy Collection,http://search.ebscohost.com/login.aspx?profile=ehost&defaultdb=rlh,
Religions of America,https://link.gale.com/apps/ROAM?u=temple_main,
Religious Magazine Archive? (1845-2015),https://www.proquest.com/rma/history/fromDatabasesLayer?accountid=14270,
Revolution and Protest Online,https://search.alexanderstreet.com/revo,
RIBA British Architectural Library Catalogue,http://riba.sirsidynix.net.uk/uhtbin/webcat,
RILM Abstracts of Music Literature,https://search.ebscohost.com/login.aspx?profile=ehost&defaultdb=ram,
RIPM Retrospective Index to Music Periodicals,http://search.ebscohost.com/login.aspx?profile=ehost&defaultdb=rph,
Risk Abstracts,http://search.proquest.com/riskabstracts?accountid=14270,
RISM: Music Manuscripts after 1600 [via RISM],http://opac.rism.info/index.php?id=2&L=1,
RMA eStatement Studies,https://eStatementStudies.rmahq.org/IPLogin,
Rock's Backpages,http://www.rocksbackpages.com,
Roll Call,http://www.rollcall.com,
Rolling Stone Archive? (1967-current),https://www.proquest.com/rsa/fromDatabasesLayer?accountid=14270,
"Romanticism: Life, Literature and Landscape",http://www.romanticism.amdigital.co.uk/,
Roper iPoll,https://ropercenter.cornell.edu/ipoll/,"Note: Temple users must access the Roper platform by creating an iPoll account using their @temple.edu email. Go to Log In --> select Your Affiliation (Temple University) --> Register or Sign In to Roper iPoll account."
Routledge Encyclopedia of Philosophy,http://www.rep.routledge.com,"Concurrent user limit: 4"
Royal Shakespeare Company Collection,https://search.alexanderstreet.com/shon,
Royal Society of Chemistry Journals,https://pubs.rsc.org/en/Journals?key=Title&value=All,
RRIMO (Recent Researches in Music Online),https://meridian.allenpress.com/rrimo/search-results?page=1&q=&SearchSourceType=1,
RSC eBooks (1968-2013),http://pubs.rsc.org/en/ebooks,
S&P Global NetAdvantage,https://na.capitaliq.com/ip/TEMPL,
Sabin Americana: History of the Americas (1500–1926),https://link.gale.com/apps/SABN?u=temple_main,
Sage Data (formerly Data-Planet),https://data.sagepub.com/,
Sage Journals Online,https://journals.sagepub.com,
Sage Knowledge,https://sk.sagepub.com/,
Sage Reference,https://sk.sagepub.com/reference/discipline,
Sage Research Methods Cases,https://methods.sagepub.com/cases/discipline,
Sage Research Methods Datasets,https://methods.sagepub.com/datasets/discipline,
Sage Research Methods Online,https://methods.sagepub.com/,
Salem History,http://history.salempress.com,
Salem Literature,http://literature.salempress.com,
Science Citation Index,https://www.webofscience.com/wos/woscc/search-with-editions?editions=WOS.SCI,
Science of Synthesis,https://science-of-synthesis.thieme.com/app/search,
Science Online,http://www.sciencemag.org,
Science.gov,http://www.science.gov/,
ScienceDirect,https://www.sciencedirect.com/,
SciFinder-n,http://libproxy.temple.edu/loggedin/scifinder.htm,
SciTech Connect,http://www.osti.gov/scitech/,
Scottish Women Poets of the Romantic Period,http://swrp.alexanderstreet.com,
Screen Studies Collection (formerly Film Indexes Online),http://search.proquest.com/screenstudies?accountid=14270,
Scripta Sinica,http://hanchi.ihp.sinica.edu.tw/ihp/hanji.htm,"Note: Please select “????” to access all available records."
search.bioPreprint,https://www.hsls.pitt.edu,
Security Issues Online,https://search.alexanderstreet.com/secu,
"Senate Executive Journals, 1789-1980",http://infoweb.newsbank.com/?db=SEJA,
Service Newspapers of World War Two,http://www.servicenewspapers.amdigital.co.uk/,
Seventeenth and Eighteenth Century Burney Collection Newspapers,https://link.gale.com/apps/BBCN?u=temple_main,
Seventeenth and Eighteenth Century Nichols Newspapers Collection,https://link.gale.com/apps/NICN?u=temple_main,
Shakespeare in Performance,http://www.shakespeareinperformance.amdigital.co.uk/,
Silent Film Online,https://search.alexanderstreet.com/silf,
SimplyAnalytics (formerly SimplyMap),http://app.simplyanalytics.com,"Concurrent user limit: 10"
Sixties: Primary Documents and Personal Narratives 1960-1974,http://sixt.alexanderstreet.com,
Slavery and Anti-Slavery: A Transnational Archive,https://link.gale.com/apps/SAS?u=temple_main,
"Slavery, Abolition and Social Justice, 1490-2007",http://www.slavery.amdigital.co.uk,
SMA Sport Market Analytics (formerly SBRNet),https://SportsMarketAnalytics.com,
Smithsonian Collections Online,https://link.gale.com/apps/SMIT?u=temple_main,
Smithsonian Global Sound,https://search.alexanderstreet.com/glmu,
Social Explorer,https://www.socialexplorer.com/,
Social Science Research Network,http://www.ssrn.com/,
Social Sciences Citation Index,https://www.webofscience.com/wos/woscc/search-with-editions?editions=WOS.SSCI,
Social Services Abstracts,http://search.proquest.com/socialservices?accountid=14270,
Social Work Online,https://search.alexanderstreet.com/swon,
Socialism on Film: The Cold War and International Propaganda,http://www.socialismonfilm.amdigital.co.uk/,
Society of Exploration Geophysicists Ebooks,http://library.seg.org/ebooks/search/years,
Sociological Abstracts,http://search.proquest.com/socabs?accountid=14270,
Sourcebook of Criminal Justice Statistics,http://www.albany.edu/sourcebook/,
South and Southeast Asian Literature,http://sali.alexanderstreet.com,
speechBITE,https://speechbite.com/,
SportBusiness,https://www.sportbusiness.com/university,
SPORTDiscus with Full Text,http://search.ebscohost.com/login.aspx?profile=ehost&defaultdb=s3h,"Concurrent user limit: 8"
SportRxiv Preprints,https://osf.io/preprints/sportrxiv/discover,
Sports Medicine & Education Index,http://search.proquest.com/physicaleducation?accountid=14270,
SpotlightNews Premium,https://spotlightnews.us/l.html?p=temple-university,"Note: Users must create an account on the mobile app or <a href=""https://my.spotlightnews.us/signup"">website</a> using their @temple.edu email address."
SpringerLink,https://link.springer.com/,
SpringerNature Experiments (including Springer Protocols),https://experiments.springernature.com,"Note: Temple University does not have access to Nature Reviews Methods Primers."
SRDS: Standard Rate & Data Service,https://login.srds.com,
Stanford Encyclopedia of Philosophy,http://plato.stanford.edu/,
STAT!Ref,https://online.statref.com/Default.aspx?grpalias=Temple,"Concurrent user limit: 1-20, depending on title.  Most titles allow for two concurrent users."
State Papers Online,http://infotrac.galegroup.com/itweb/temple_main?db=SPOL,
State Papers Online: Eighteenth Century (1714-1782),https://link.gale.com/apps/SPOL?u=temple_main,
Statista,https://www.statista.com/,
Statistical Abstract of the United States,http://statabs.proquest.com/sa/,
Struggles for Freedom: Southern Africa,https://www.jstor.org/site/struggles-for-freedom/southern-africa/,
Student Activism,https://www.jstor.org/site/reveal-digital/student-activism/,
Sustainability Science Abstracts,http://search.proquest.com/ssamodule?accountid=14270,
Swank Digital Campus,https://digitalcampus.swankmp.net/temple280061/,
Synthesis Digital Library of Engineering and Computer Science,http://www.morganclaypool.com/page/browseLbS.jsp,
Tax Analysts Web Services,http://www.taxnotes.com,"Note: Users must register.  Click Sign In from an on-campus Temple computer, and enter your Temple email.  Then select Register Here under 'New Temple University School of Law User?'"
Taylor & Francis eBooks,https://www.taylorfrancis.com,
Taylor & Francis Online,http://www.tandfonline.com/,
Teaching Channel,https://learn.teachingchannel.com/tch-videos,
Teatro Español del Siglo de Oro,https://search.proquest.com/teso?accountid=14270,
Television News Archive (Vanderbilt),http://tvnews.vanderbilt.edu,
The Cecil Papers?,https://www.proquest.com/cecilpapers/history/fromDatabasesLayer?accountid=14270,
The Economist Historical Archive (1843-2015),https://link.gale.com/apps/ECON?u=temple_main,
The First Federal Congress of the United States Digital Edition,https://rotunda.upress.virginia.edu/founders/default.xqy?keys=FFCP-info-search,
The Gilded Age,https://search.alexanderstreet.com/gild,
The Grand Tour (1550-1850),http://www.grandtour.amdigital.co.uk/,
The Independent Historical Archive (1986-2016),https://link.gale.com/apps/INDA?u=temple_main,
The Listener Historical Archive (1929-1991),https://link.gale.com/apps/LSNR?u=temple_main,
The Nixon Years (1969-1974),http://www.archivesdirect.amdigital.co.uk/Nixon,
The SHAFR Guide Online: An Annotated Bibliography of U.S. Foreign Relations since 1600,http://referenceworks.brillonline.com/browse/the-shafr-guide-online,
The Sunday Times Historical Archive (1822-2016),https://link.gale.com/apps/STHA?u=temple_main,
The Telegraph Historical Archive (1855-2016),https://link.gale.com/apps/TGRH?u=temple_main,
Theatre in Context Collection,https://search.alexanderstreet.com/ticc,
Theatre in Video,https://search.alexanderstreet.com/ativ,
Thesaurus Linguae Graecae,https://stephanus.tlg.uci.edu/,"Note: Users must register for a new login for TLG from on-campus. If you connect from off-campus, you'll need to authenticate using your Temple AccessNetID, and then log into TLG using your TLG account.  "
Times Literary Supplement Historical Archive (1902 - 2019),https://link.gale.com/apps/TLSH?u=temple_main,
Toxicology Abstracts,http://search.proquest.com/toxicologyabstracts?accountid=14270,
TractIQ,https://www.socialexplorer.com/tractiq/login,
Trade Catalogues and the American Home (1850-1950),http://www.tradecatalogues.amdigital.co.uk/,
Transplant Library,http://www.transplantlibrary.com/,
"Travel Writing, Spectacle and World History",http://www.travelwriting.amdigital.co.uk/,
Trench Journals and Unit Magazines of the First World War? (1914-1919),https://www.proquest.com/trenchjournals/history/fromDatabasesLayer?accountid=14270,
TRID,http://trid.trb.org,
TRIP Pro Database,https://www.tripdatabase.com,
TUL Streaming Video,https://temple.university/tulstreamingvideo,
Twentieth Century African-American Poetry,https://search.proquest.com/20aap?accountid=14270,
Twentieth Century American Poetry,https://search.proquest.com/20ap?accountid=14270,
"Twentieth Century American Poetry, 2nd Edition",https://search.proquest.com/20ampo2?accountid=14270,
Twentieth Century English Poetry,https://search.proquest.com/20ep?accountid=14270,
Twentieth Century North American Drama,https://search.alexanderstreet.com/nadr,
"Twentieth Century Religious Thought: Volume I, Christianity",https://search.alexanderstreet.com/tcrt,
"Twentieth Century Religious Thought: Volume II, Islam",https://search.alexanderstreet.com/tcr2,
"Twentieth Century Religious Thought: Volume III, Judaism",https://search.alexanderstreet.com/tcr3,
"Twentieth Century Religious Thought: Volume IV, Eastern Religions",https://search.alexanderstreet.com/tcr4,
U.K. Parliamentary Papers,https://parlipapers.proquest.com,
U.S. Bureau of Labor Statistics,https://www.bls.gov/,
U.S. Declassified Documents Online,https://link.gale.com/apps/USDD?u=temple_main,"Concurrent user limit: 2"
Ulrich's Periodical Directory,http://ulrichsweb.serialssolutions.com,
"Underground and Independent Comics, Comix, and Graphic Novels",https://search.alexanderstreet.com/comx,
Union List of Artist Names,http://www.getty.edu/research/tools/vocabularies/ulan/,
United Nations Treaty Collection,https://treaties.un.org/,
Uniworld,https://uniworldonline.com/search,
US Newsstream (formerly ProQuest Newsstand),http://search.proquest.com/usnews/index?accountid=14270,
USA Trade,https://usatrade.census.gov/,"Note: Users must create an account to access this resource."
USC Shoah Foundation's Visual History Archive,https://vhaonline.usc.edu/login,"Note: Users will need to create an individual account to access this content."
USGS Publications Warehouse,https://pubs.er.usgs.gov/,
Value Line,https://research.valueline.com/secure/research,
Very Short Introductions,https://academic.oup.com/pages/very-short-introductions,
Victorian Popular Culture,http://www.victorianpopularculture.amdigital.co.uk/,
Virginia Company Archives,http://www.virginiacompanyarchives.amdigital.co.uk/,
Visual Collections,http://www.davidrumsey.com/collections/,
VitalLaw (formerly Cheetah),https://my.vitallaw.com,
Vivvix,https://edu.app.vivvix.com,"Concurrent user limit: 5"
Vogue Archive (1892 - present),http://search.proquest.com/vogue?accountid=14270,
Vogue Italia Archive? (1964-current),https://www.proquest.com/vogueitalia/fromDatabasesLayer?accountid=14270,
Wall Street Journal Full-Text (1984-present) [via ABI/INFORM Complete],http://search.proquest.com/publication/10482,
"Wall Street Journal Full-Text (Online edition, 2010-Present) [via ABI/INFORM Complete]",https://search.proquest.com/usnews/publication/105983,
Wall Street Journal Full-Text / Full-Image (1889-2001) [via ProQuest Historical Newspapers],http://search.proquest.com/hnpwallstreetjournal?accountid=14270,
Washington Post Full-Text (1997-present) [via ProQuest],https://search.proquest.com/publication/10327,
Water Resources Abstracts,http://search.proquest.com/waterresources?accountid=14270,
Web Gallery of Art,http://www.wga.hu/index.html,
Web of Science,http://www.webofscience.com,
Wellesley Index to Victorian Periodicals,http://wellesley.chadwyck.com,
Westlaw Campus Research,https://1.next.westlaw.com/Search/Home.html?rs=IWLN1.0&vr=3.0&sp=000492708-2100,
Wiley Online Library,https://onlinelibrary.wiley.com,
Wolfram Alpha,https://www.wolframalpha.com/,
Women and Social Movements in Modern Empires Since 1820,https://search.alexanderstreet.com/wasg,
"Women and Social Movements in the United States, 1600-2000 (Scholar's Edition)",https://search.alexanderstreet.com/wass,
"Women and Social Movements, International (1840 to Present)",https://search.alexanderstreet.com/wasi,
"Women and Social Movements: Development and the Global South, 1919-2019",https://search.alexanderstreet.com/wasd,
Women in The National Archives,http://www.archivesdirect.amdigital.co.uk/WTNA,
Women Writers Online,http://wwo.wwp.northeastern.edu/WWO/search?browse-all=yes,
Women's Magazine Archive? (1846-2005),https://www.proquest.com/wma/fromDatabasesLayer?accountid=14270,
Women's Studies Archive,https://link.gale.com/apps/WMNS?u=temple_main,
Women's Wear Daily Archive?,https://www.proquest.com/wwd/fromDatabasesLayer?accountid=14270,
World Bank Data Catalog,https://datacatalog.worldbank.org/,
World Bank DataBank,https://databank.worldbank.org/data/home,
World Bank Open Knowledge Repository,https://openknowledge.worldbank.org/,
World Factbook,https://www.cia.gov/the-world-factbook/,
World Heritage Sites: Africa,https://www.jstor.org/site/heritage/africa/,
World News Connection Archive (1995-2013),http://wnc.eastview.com,
World Newspaper Archive,http://infoweb.newsbank.com/?db=WHNPX,
World of Learning,http://www.worldoflearning.com,"Concurrent user limit: 1"
World Scholar: Latin America and The Caribbean,https://link.gale.com/apps/LAC?u=temple_main,
World Shakespeare Bibliography,https://www.worldshakesbib.org/basic-search,
World Values Survey,http://www.worldvaluessurvey.org/wvs.jsp,
World Who's Who,http://www.worldwhoswho.com,"Concurrent user limit: 1"
World's Fairs,http://www.worldsfairs.amdigital.co.uk/,
WorldCat,http://newfirstsearch.oclc.org/done=referer;fsip;dbname=WorldCat,
Worldwide Political Science Abstracts,http://search.proquest.com/wpsa?accountid=14270,
Yearbook of International Organizations Online (YBIO),http://ybio.brillonline.com/,
Youth and Popular Culture Magazine Archive?,https://www.proquest.com/ypc/socialsciences/fromDatabasesLayer?accountid=14270,
zbMATH Open (formerly Zentralblatt MATH),https://www.zbmath.org/,
Zoological Record (1994-present),https://www.webofscience.com/wos/zoorec/basic-search,
